,,,,,,,,,,,,
,,,,,,,,,,,,
,,,,,,,,,,,,
,,,,,,,,,,,,
,,DATA PENJUALAN  PLN UP3 MALANG,,,,,,,,,,
,,No,Tahun,Bulan,Jumlah Pelanggan,DELTA PELANGGAN,kwh  jual ( kwh ),DELTA KWH JUAL,HARI JUAL PER BULAN,KWH JUAL PER HARI,DELTA JUAL KWH HARIAN,THN 2024 VS 2025
,,1,2024,Januari,='DETAILPER TARIF'!I5,,='DETAILPER TARIF'!O5,,31,=H7/J7,,
,,2,2024,Februari,='DETAILPER TARIF'!I6,=F8-F7,='DETAILPER TARIF'!O6,=H8-H7,28,=H8/J8,=K8-K7,
,,3,2024,Maret,='DETAILPER TARIF'!I7,=F9-F8,='DETAILPER TARIF'!O7,=H9-H8,31,=H9/J9,=K9-K8,
,,4,2024,April,='DETAILPER TARIF'!I8,=F10-F9,='DETAILPER TARIF'!O8,=H10-H9,30,=H10/J10,=K10-K9,
,,5,2024,Mei,='DETAILPER TARIF'!I9,=F11-F10,='DETAILPER TARIF'!O9,=H11-H10,31,=H11/J11,=K11-K10,
,,6,2024,Juni,='DETAILPER TARIF'!I10,=F12-F11,='DETAILPER TARIF'!O10,=H12-H11,30,=H12/J12,=K12-K11,
,,7,2024,Juli,='DETAILPER TARIF'!I11,=F13-F12,='DETAILPER TARIF'!O11,=H13-H12,31,=H13/J13,=K13-K12,
,,8,2024,Agustus,='DETAILPER TARIF'!I12,=F14-F13,='DETAILPER TARIF'!O12,=H14-H13,31,=H14/J14,=K14-K13,
,,9,2024,September,='DETAILPER TARIF'!I13,=F15-F14,='DETAILPER TARIF'!O13,=H15-H14,30,=H15/J15,=K15-K14,
,,10,2024,Oktober,='DETAILPER TARIF'!I14,=F16-F15,='DETAILPER TARIF'!O14,=H16-H15,31,=H16/J16,=K16-K15,
,,11,2024,November,='DETAILPER TARIF'!I15,=F17-F16,='DETAILPER TARIF'!O15,=H17-H16,30,=H17/J17,=K17-K16,
,,12,2024,Desember,='DETAILPER TARIF'!I16,=F18-F17,='DETAILPER TARIF'!O16,=H18-H17,31,=H18/J18,=K18-K17,
,,13,2025,Januari,='DETAILPER TARIF'!I17,=F19-F18,='DETAILPER TARIF'!O17,=H19-H18,31,=H19/J19,=K19-K18,
,,14,2025,Februari,='DETAILPER TARIF'!I18,=F20-F19,='DETAILPER TARIF'!O18,=H20-H19,28,=H20/J20,=K20-K19,=L20-L8
,,15,2025,Maret,='DETAILPER TARIF'!I19,=F21-F20,='DETAILPER TARIF'!O19,=H21-H20,31,=H21/J21,=K21-K20,=L21-L9
,,16,2025,April,='DETAILPER TARIF'!I20,=F22-F21,='DETAILPER TARIF'!O20,=H22-H21,30,=H22/J22,=K22-K21,=L22-L10
,,17,2025,Mei,='DETAILPER TARIF'!I21,=F23-F22,='DETAILPER TARIF'!O21,=H23-H22,31,=H23/J23,=K23-K22,=L23-L11
,,18,2025,Juni,='DETAILPER TARIF'!I22,=F24-F23,='DETAILPER TARIF'!O22,=H24-H23,30,=H24/J24,=K24-K23,=L24-L12
,,19,2025,Juli,='DETAILPER TARIF'!I23,=F25-F24,='DETAILPER TARIF'!O23,=H25-H24,31,=H25/J25,=K25-K24,=L25-L13
,,20,2025,Agustus,='DETAILPER TARIF'!I24,=F26-F25,='DETAILPER TARIF'!O24,=H26-H25,31,=H26/J26,=K26-K25,=L26-L14
,,21,2025,September,='DETAILPER TARIF'!I25,=F27-F26,='DETAILPER TARIF'!O25,=H27-H26,30,=H27/J27,=K27-K26,=L27-L15
,,22,2025,Oktober,='DETAILPER TARIF'!I26,=F28-F27,='DETAILPER TARIF'!O26,=H28-H27,31,=H28/J28,=K28-K27,=L28-L16
,,23,2025,November,='DETAILPER TARIF'!I27,=F29-F28,='DETAILPER TARIF'!O27,=H29-H28,30,=H29/J29,=K29-K28,=L29-L17
,,24,2025,Desember,='DETAILPER TARIF'!I28,=F30-F29,='DETAILPER TARIF'!O28,=H30-H29,31,=H30/J30,=K30-K29,=L30-L18
,,,,,,=SUM(G8:G30),,,,,,
,,,,,,,,,,,,
,,,,,,,,,,,,
,,,,,,,,,,,,
,,,,,,,,,,,,
,,,,,,,,,,,,
,,,,,,,,,,,,
,Y,X,X^2,X^4,XY,X^2Y,,,,,,
,=SUM(F7:F30),-12,=C39^2,=C39^4,=C39*F7,=D39*F7,,,,,,
,,-11,=C40^2,=C40^4,=C40*F8,=D40*F8,,,b,=F63/D63,,
,,-10,=C41^2,=C41^4,=C41*F9,=D41*F9,,,a,=((B39*E63)-(G63*D63))/(24*E63-D63^2),,
,,-9,=C42^2,=C42^4,=C42*F10,=D42*F10,,,c,=((24*G63)-(D63*B39))/(24*E63-D63^2),,
,,-8,=C43^2,=C43^4,=C43*F11,=D43*F11,,,persamaan tren parabola ,,,
,,-7,=C44^2,=C44^4,=C44*F12,=D44*F12,,,"Y = 1,377,448.24 + 3,949.04 (X) - 1.36 (X^2)",,,"jumlah pelanggan cenderung naik, tapi pola kenaikan sedikit melambat (deselerasi)"
,,-6,=C45^2,=C45^4,=C45*F13,=D45*F13,,,,,,
,,-5,=C46^2,=C46^4,=C46*F14,=D46*F14,,,rata-rata pertumbuhan pelanggan ,,=G31/23,
,,-4,=C47^2,=C47^4,=C47*F15,=D47*F15,,,,,,
,,-3,=C48^2,=C48^4,=C48*F16,=D48*F16,,,,,,
,,-2,=C49^2,=C49^4,=C49*F17,=D49*F17,,,,,,
,,-1,=C50^2,=C50^4,=C50*F18,=D50*F18,,,,,,
,,1,=C51^2,=C51^4,=C51*F19,=D51*F19,,,,,,
,,2,=C52^2,=C52^4,=C52*F20,=D52*F20,,,,,,
,,3,=C53^2,=C53^4,=C53*F21,=D53*F21,,,,,,
,,4,=C54^2,=C54^4,=C54*F22,=D54*F22,,,,,,
,,5,=C55^2,=C55^4,=C55*F23,=D55*F23,,,,,,
,,6,=C56^2,=C56^4,=C56*F24,=D56*F24,,,,,,
,,7,=C57^2,=C57^4,=C57*F25,=D57*F25,,,,,,
,,8,=C58^2,=C58^4,=C58*F26,=D58*F26,,,,,,
,,9,=C59^2,=C59^4,=C59*F27,=D59*F27,,,,,,
,,10,=C60^2,=C60^4,=C60*F28,=D60*F28,,,,,,
,,11,=C61^2,=C61^4,=C61*F29,=D61*F29,,,,,,
,,12,=C62^2,=C62^4,=C62*F30,=D62*F30,,,,,,
,,=SUM(C39:C62),=SUM(D39:D62),=SUM(E39:E62),=SUM(F39:F62),=SUM(G39:G62),,,,,,
,,,,,,,,,,,,
,,,,,,,,,,,,
,koofisien determinasi,,,,,,,,,,,
,,,,,,,,,,,,
,=B39/24,=$K$41+$K$40*C39-$K$42*D39,=F7-C68,=D68^2,=F7-$B$68,=F68^2,,,,,,
,,=$K$41+$K$40*C40-$K$42*D40,=F8-C69,=D69^2,=F8-$B$68,=F69^2,,R^2,=1-(E92/G92),,,
,,=$K$41+$K$40*C41-$K$42*D41,=F9-C70,=D70^2,=F9-$B$68,=F70^2,,,,,,
,,=$K$41+$K$40*C42-$K$42*D42,=F10-C71,=D71^2,=F10-$B$68,=F71^2,,,"model tren parabola mampu menjelaskan 99.80% variasi jumlah pelanggan,",,,
,,=$K$41+$K$40*C43-$K$42*D43,=F11-C72,=D72^2,=F11-$B$68,=F72^2,,,sedangkan sisanya (0.20%) dipengaruhi oleh faktor lain di luar model.,,,
,,=$K$41+$K$40*C44-$K$42*D44,=F12-C73,=D73^2,=F12-$B$68,=F73^2,,,memiliki kecocokan yang sangat tinggi dalam menggambarkan pertumbuhan jumlah pelanggan.,,,
,,=$K$41+$K$40*C45-$K$42*D45,=F13-C74,=D74^2,=F13-$B$68,=F74^2,,,,,,
,,=$K$41+$K$40*C46-$K$42*D46,=F14-C75,=D75^2,=F14-$B$68,=F75^2,,,,,,
,,=$K$41+$K$40*C47-$K$42*D47,=F15-C76,=D76^2,=F15-$B$68,=F76^2,,,,,,
,,=$K$41+$K$40*C48-$K$42*D48,=F16-C77,=D77^2,=F16-$B$68,=F77^2,,,,,,
,,=$K$41+$K$40*C49-$K$42*D49,=F17-C78,=D78^2,=F17-$B$68,=F78^2,,,,,,
,,=$K$41+$K$40*C50-$K$42*D50,=F18-C79,=D79^2,=F18-$B$68,=F79^2,,,,,,
,,=$K$41+$K$40*C51-$K$42*D51,=F19-C80,=D80^2,=F19-$B$68,=F80^2,,,,,,
,,=$K$41+$K$40*C52-$K$42*D52,=F20-C81,=D81^2,=F20-$B$68,=F81^2,,,,,,
,,=$K$41+$K$40*C53-$K$42*D53,=F21-C82,=D82^2,=F21-$B$68,=F82^2,,,,,,
,,=$K$41+$K$40*C54-$K$42*D54,=F22-C83,=D83^2,=F22-$B$68,=F83^2,,,,,,
,,=$K$41+$K$40*C55-$K$42*D55,=F23-C84,=D84^2,=F23-$B$68,=F84^2,,,,,,
,,=$K$41+$K$40*C56-$K$42*D56,=F24-C85,=D85^2,=F24-$B$68,=F85^2,,,,,,
,,=$K$41+$K$40*C57-$K$42*D57,=F25-C86,=D86^2,=F25-$B$68,=F86^2,,,,,,
,,=$K$41+$K$40*C58-$K$42*D58,=F26-C87,=D87^2,=F26-$B$68,=F87^2,,,,,,
,,=$K$41+$K$40*C59-$K$42*D59,=F27-C88,=D88^2,=F27-$B$68,=F88^2,,,,,,
,,=$K$41+$K$40*C60-$K$42*D60,=F28-C89,=D89^2,=F28-$B$68,=F89^2,,,,,,
,,=$K$41+$K$40*C61-$K$42*D61,=F29-C90,=D90^2,=F29-$B$68,=F90^2,,,,,,
,,=$K$41+$K$40*C62-$K$42*D62,=F30-C91,=D91^2,=F30-$B$68,=F91^2,,,,,,
,,,,=SUM(E68:E91),,=SUM(G68:G91),,,,,,
,,,,,,,,,,,,
