DATA PENJUALAN TAHUN 2024-2025,,,,,,,,,,,,,,
PLN UP3 MALANG,,,,,,,,,,,,,,
NO,TAHUN,BULAN,JUMLAH PELANGGAN PER TARIF (PLG),,,,,,JUMLAH KWH PENJUALAN  PER TARIF ( KWH ),,,,,
,,,S,R,B,I,P,TOTAL,S,R,B,I,P,TOTAL
1,2024,JANUARI,33286,1233417,58092,1691,7276,=SUM(D5:H5),14699314,125266546,44895606,51646324,7965188,=SUM(J5:N5)
2,2024,FEBRUARI,33381,1235927,58326,1690,7296,=SUM(D6:H6),14186304,118036012,42425779,46878400,7610347,=SUM(J6:N6)
3,2024,MARET,33486,1238697,58586,1694,7310,=SUM(D7:H7),15311093,128398977,44907342,50409920,7827632,=SUM(J7:N7)
4,2024,APRIL,33540,1240860,58766,1696,7323,=SUM(D8:H8),13880130,126636893,43802890,40691317,7599479,=SUM(J8:N8)
5,2024,MEI,33601,1244248,59081,1704,7343,=SUM(D9:H9),15647165,129496742,47184020,54084649,7963068,=SUM(J9:N9)
6,2024,JUNI,33671,1247598,59388,1708,7377,=SUM(D10:H10),14305051,125288112,45188153,52775360,7751756,=SUM(J10:N10)
7,2024,JULI,33778,1251365,59682,1712,7407,=SUM(D11:H11),13971808,125127669,45664915,57038836,7846503,=SUM(J11:N11)
8,2024,AGUSTUS,33887,1256008,59963,1724,7461,=SUM(D12:H12),14739192,125557506,45250460,56293665,7903727,=SUM(J12:N12)
9,2024,SEPTEMBER,33961,1261220,60244,1743,7505,=SUM(D13:H13),15758181,125341455,45659563,55758981,7896790,=SUM(J13:N13)
10,2024,OKTOBER,34035,1265315,60596,1761,7537,=SUM(D14:H14),17474972,133219484,49139167,59986311,8322192,=SUM(J14:N14)
11,2024,NOPEMBER,34111,1269002,60933,1775,7583,=SUM(D15:H15),16871210,129978043,47970935,55681807,8152362,=SUM(J15:N15)
12,2024,DESEMBER,34184,1272307,61281,1795,7649,=SUM(D16:H16),15674361,131971537,49215805,53032570,8170841,=SUM(J16:N16)
13,2025,JANUARI,34251,1275351,61574,1812,7684,=SUM(D17:H17),15104793,175337041,48347366,55504011,8010952,=SUM(J17:N17)
14,2025,FEBRUARI,34345,1278292,61878,1825,7709,=SUM(D18:H18),15518843,156915623,44349999,53551751,7628116,=SUM(J18:N18)
15,2025,MARET,34425,1281456,62156,1843,7740,=SUM(D19:H19),15407078,141912949,46406877,54863023,7819707,=SUM(J19:N19)
16,2025,APRIL,34459,1283854,62436,1855,7751,=SUM(D20:H20),14386095,108977933,46323657,49651795,7743469,=SUM(J20:N20)
17,2025,MEI,34520,1287270,62803,1874,7780,=SUM(D21:H21),15824440,118618126,48725946,58717166,7951569,=SUM(J21:N21)
18,2025,JUNI,34567,1290760,63085,1891,7803,=SUM(D22:H22),15005906,120512668,48670322,55603855,7628646,=SUM(J22:N22)
19,2025,JULI,34631,1294427,63474,1928,7846,=SUM(D23:H23),14371358,122722811,47973844,61277736,7668440,=SUM(J23:N23)
20,2025,AGUSTUS,34706,1298074,63833,1975,7887,=SUM(D24:H24),15735216,127282946,47996606,58904983,7795056,=SUM(J24:N24)
21,2025,SEPTEMBER,34796,1301549,64212,2014,7918,=SUM(D25:H25),16779087,126873701,47568078,61276747,7762986,=SUM(J25:N25)
22,2025,OKTOBER,34871,1305025,64513,2054,7975,=SUM(D26:H26),18307236,134785246,51711704,63303768,8113273,=SUM(J26:N26)
23,2025,NOPEMBER,34948,1308913,64855,2068,8012,=SUM(D27:H27),16374896,129694732,48875160,62060174,7744167,=SUM(J27:N27)
24,2025,DESEMBER,35045,1313684,65173,2088,8069,=SUM(D28:H28),16967888,135161463,52285235,60501434,7930409,=SUM(J28:N28)
,,,,,,,,,,,,,,
,,,,,,,,,,,,,,
ANALISIS PENJUALAN PLN UP3 MALANG,,,,,,,,,,,,,,
No,Tahun,Bulan,Jumlah Pelanggan,DELTA PELANGGAN,kwh jual ( kwh ),DELTA KWH JUAL,HARI JUAL PER BULAN,KWH JUAL PER HARI,DELTA JUAL KWH HARIAN,THN 2024 VS 2025,,,,
1,2024,Januari,=I5,,=O5,,31,=F33/H33,,,,,,
2,2024,Februari,=I6,=D34-D33,=O6,=F34-F33,28,=F34/H34,=I34-I33,,,,,
3,2024,Maret,=I7,=D35-D34,=O7,=F35-F34,31,=F35/H35,=I35-I34,,,,,
4,2024,April,=I8,=D36-D35,=O8,=F36-F35,30,=F36/H36,=I36-I35,,,,,
5,2024,Mei,=I9,=D37-D36,=O9,=F37-F36,31,=F37/H37,=I37-I36,,,,,
6,2024,Juni,=I10,=D38-D37,=O10,=F38-F37,30,=F38/H38,=I38-I37,,,,,
7,2024,Juli,=I11,=D39-D38,=O11,=F39-F38,31,=F39/H39,=I39-I38,,,,,
8,2024,Agustus,=I12,=D40-D39,=O12,=F40-F39,31,=F40/H40,=I40-I39,,,,,
9,2024,September,=I13,=D41-D40,=O13,=F41-F40,30,=F41/H41,=I41-I40,,,,,
10,2024,Oktober,=I14,=D42-D41,=O14,=F42-F41,31,=F42/H42,=I42-I41,,,,,
11,2024,November,=I15,=D43-D42,=O15,=F43-F42,30,=F43/H43,=I43-I42,,,,,
12,2024,Desember,=I16,=D44-D43,=O16,=F44-F43,31,=F44/H44,=I44-I43,,,,,
13,2025,Januari,=I17,=D45-D44,=O17,=F45-F44,31,=F45/H45,=I45-I44,=I45-I33,,,,
14,2025,Februari,=I18,=D46-D45,=O18,=F46-F45,28,=F46/H46,=I46-I45,=I46-I34,,,,
15,2025,Maret,=I19,=D47-D46,=O19,=F47-F46,31,=F47/H47,=I47-I46,=I47-I35,,,,
16,2025,April,=I20,=D48-D47,=O20,=F48-F47,30,=F48/H48,=I48-I47,=I48-I36,,,,
17,2025,Mei,=I21,=D49-D48,=O21,=F49-F48,31,=F49/H49,=I49-I48,=I49-I37,,,,
18,2025,Juni,=I22,=D50-D49,=O22,=F50-F49,30,=F50/H50,=I50-I49,=I50-I38,,,,
19,2025,Juli,=I23,=D51-D50,=O23,=F51-F50,31,=F51/H51,=I51-I50,=I51-I39,,,,
20,2025,Agustus,=I24,=D52-D51,=O24,=F52-F51,31,=F52/H52,=I52-I51,=I52-I40,,,,
21,2025,September,=I25,=D53-D52,=O25,=F53-F52,30,=F53/H53,=I53-I52,=I53-I41,,,,
22,2025,Oktober,=I26,=D54-D53,=O26,=F54-F53,31,=F54/H54,=I54-I53,=I54-I42,,,,
23,2025,November,=I27,=D55-D54,=O27,=F55-F54,30,=F55/H55,=I55-I54,=I55-I43,,,,
24,2025,Desember,=I28,=D56-D55,=O28,=F56-F55,31,=F56/H56,=I56-I55,=I56-I44,,,,
,,,,=SUM(E34:E56),,=SUM(G34:G56),,,,,,,,
,,,,,,,,,,,,,,
,,,,,,,,,,,,,,
Y,X,X^2,X^4,XY,X^2Y,,,,,,,,,
=D33,-23,=B61^2,=B61^4,=A61*B61,=C61*A61,,,b,=E85/C85,,,,,
=D34,-21,=B62^2,=B62^4,=A62*B62,=C62*A62,,,a,=((A85*D85)-(F85*C85))/(24*D85-C85^2),,,,,
=D35,-19,=B63^2,=B63^4,=A63*B63,=C63*A63,,,c,=((24*F85)-(C85*A85))/(24*D85-C85^2),,,,,
=D36,-17,=B64^2,=B64^4,=A64*B64,=C64*A64,,,persamaan tren parabola,,,,,,
=D37,-15,=B65^2,=B65^4,=A65*B65,=C65*A65,,,"Y = a + bX + cX^2",,,,,,
=D38,-13,=B66^2,=B66^4,=A66*B66,=C66*A66,,,rata-rata pertumbuhan,=E57/24,,,,,
=D39,-11,=B67^2,=B67^4,=A67*B67,=C67*A67,,,,,,,,,
=D40,-9,=B68^2,=B68^4,=A68*B68,=C68*A68,,,,,,,,,
=D41,-7,=B69^2,=B69^4,=A69*B69,=C69*A69,,,,,,,,,
=D42,-5,=B70^2,=B70^4,=A70*B70,=C70*A70,,,,,,,,,
=D43,-3,=B71^2,=B71^4,=A71*B71,=C71*A71,,,,,,,,,
=D44,-1,=B72^2,=B72^4,=A72*B72,=C72*A72,,,,,,,,,
=D45,1,=B73^2,=B73^4,=A73*B73,=C73*A73,,,,,,,,,
=D46,3,=B74^2,=B74^4,=A74*B74,=C74*A74,,,,,,,,,
=D47,5,=B75^2,=B75^4,=A75*B75,=C75*A75,,,,,,,,,
=D48,7,=B76^2,=B76^4,=A76*B76,=C76*A76,,,,,,,,,
=D49,9,=B77^2,=B77^4,=A77*B77,=C77*A77,,,,,,,,,
=D50,11,=B78^2,=B78^4,=A78*B78,=C78*A78,,,,,,,,,
=D51,13,=B79^2,=B79^4,=A79*B79,=C79*A79,,,,,,,,,
=D52,15,=B80^2,=B80^4,=A80*B80,=C80*A80,,,,,,,,,
=D53,17,=B81^2,=B81^4,=A81*B81,=C81*A81,,,,,,,,,
=D54,19,=B82^2,=B82^4,=A82*B82,=C82*A82,,,,,,,,,
=D55,21,=B83^2,=B83^4,=A83*B83,=C83*A83,,,,,,,,,
=D56,23,=B84^2,=B84^4,=A84*B84,=C84*A84,,,,,,,,,
=SUM(A61:A84),=SUM(B61:B84),=SUM(C61:C84),=SUM(D61:D84),=SUM(E61:E84),=SUM(F61:F84),,,,,,,,,
,,,,,,,,,,,,,,
,,,,,,,,,,,,,,
Y,Y_hat,Y - Y_hat,(Y - Y_hat)^2,Y - Y_bar,(Y - Y_bar)^2,,,,,,,,,
=A61,=$J$62+$J$61*B61+$J$63*C61,=A89-B89,=C89^2,=A89-AVERAGE($A$61:$A$84),=E89^2,,,,,,,,,
=A62,=$J$62+$J$61*B62+$J$63*C62,=A90-B90,=C90^2,=A90-AVERAGE($A$61:$A$84),=E90^2,,,R^2,=1-(D113/F113),,,,,
=A63,=$J$62+$J$61*B63+$J$63*C63,=A91-B91,=C91^2,=A91-AVERAGE($A$61:$A$84),=E91^2,,,,,,,,,
=A64,=$J$62+$J$61*B64+$J$63*C64,=A92-B92,=C92^2,=A92-AVERAGE($A$61:$A$84),=E92^2,,,,,,,,,
=A65,=$J$62+$J$61*B65+$J$63*C65,=A93-B93,=C93^2,=A93-AVERAGE($A$61:$A$84),=E93^2,,,,,,,,,
=A66,=$J$62+$J$61*B66+$J$63*C66,=A94-B94,=C94^2,=A94-AVERAGE($A$61:$A$84),=E94^2,,,,,,,,,
=A67,=$J$62+$J$61*B67+$J$63*C67,=A95-B95,=C95^2,=A95-AVERAGE($A$61:$A$84),=E95^2,,,,,,,,,
=A68,=$J$62+$J$61*B68+$J$63*C68,=A96-B96,=C96^2,=A96-AVERAGE($A$61:$A$84),=E96^2,,,,,,,,,
=A69,=$J$62+$J$61*B69+$J$63*C69,=A97-B97,=C97^2,=A97-AVERAGE($A$61:$A$84),=E97^2,,,,,,,,,
=A70,=$J$62+$J$61*B70+$J$63*C70,=A98-B98,=C98^2,=A98-AVERAGE($A$61:$A$84),=E98^2,,,,,,,,,
=A71,=$J$62+$J$61*B71+$J$63*C71,=A99-B99,=C99^2,=A99-AVERAGE($A$61:$A$84),=E99^2,,,,,,,,,
=A72,=$J$62+$J$61*B72+$J$63*C72,=A100-B100,=C100^2,=A100-AVERAGE($A$61:$A$84),=E100^2,,,,,,,,,
=A73,=$J$62+$J$61*B73+$J$63*C73,=A101-B101,=C101^2,=A101-AVERAGE($A$61:$A$84),=E101^2,,,,,,,,,
=A74,=$J$62+$J$61*B74+$J$63*C74,=A102-B102,=C102^2,=A102-AVERAGE($A$61:$A$84),=E102^2,,,,,,,,,
=A75,=$J$62+$J$61*B75+$J$63*C75,=A103-B103,=C103^2,=A103-AVERAGE($A$61:$A$84),=E103^2,,,,,,,,,
=A76,=$J$62+$J$61*B76+$J$63*C76,=A104-B104,=C104^2,=A104-AVERAGE($A$61:$A$84),=E104^2,,,,,,,,,
=A77,=$J$62+$J$61*B77+$J$63*C77,=A105-B105,=C105^2,=A105-AVERAGE($A$61:$A$84),=E105^2,,,,,,,,,
=A78,=$J$62+$J$61*B78+$J$63*C78,=A106-B106,=C106^2,=A106-AVERAGE($A$61:$A$84),=E106^2,,,,,,,,,
=A79,=$J$62+$J$61*B79+$J$63*C79,=A107-B107,=C107^2,=A107-AVERAGE($A$61:$A$84),=E107^2,,,,,,,,,
=A80,=$J$62+$J$61*B80+$J$63*C80,=A108-B108,=C108^2,=A108-AVERAGE($A$61:$A$84),=E108^2,,,,,,,,,
=A81,=$J$62+$J$61*B81+$J$63*C81,=A109-B109,=C109^2,=A109-AVERAGE($A$61:$A$84),=E109^2,,,,,,,,,
=A82,=$J$62+$J$61*B82+$J$63*C82,=A110-B110,=C110^2,=A110-AVERAGE($A$61:$A$84),=E110^2,,,,,,,,,
=A83,=$J$62+$J$61*B83+$J$63*C83,=A111-B111,=C111^2,=A111-AVERAGE($A$61:$A$84),=E111^2,,,,,,,,,
=A84,=$J$62+$J$61*B84+$J$63*C84,=A112-B112,=C112^2,=A112-AVERAGE($A$61:$A$84),=E112^2,,,,,,,,,
,,,=SUM(D89:D112),,=SUM(F89:F112),,,,,,,,,
,,,,,,,,,,,,,,
,,,,,,,,,,,,,,
Tabel Distribusi Frekuensi,,,,,,,,,,,,,,
Kelas,,,Frekuensi,fk*,mi,mi.fi,,,,,,,,
1333762,-,1348811,5,=D118,=1/2*(A118+C118),=F118*D118,,,,,,,,
1348812,-,1363861,3,=E118+D119,=1/2*(A119+C119),=F119*D119,,,,,,,,
1363862,-,1378911,4,=E119+D120,=1/2*(A120+C120),=F120*D120,,,,,,,,
1378912,-,1393961,4,=E120+D121,=1/2*(A121+C121),=F121*D121,,,,,,,,
1393962,-,1409011,4,=E121+D122,=1/2*(A122+C122),=F122*D122,,,,,,,,
1409012,-,1424061,4,=E122+D123,=1/2*(A123+C123),=F123*D123,,,,,,,,
,,,=SUM(D118:D123),,,=SUM(G118:G123),,,,,,,,
Mean,=G124/D124,,,,,,,,,,,,,
Median,=(A120-0.5)+15049.5*(((D124/2)-E119)/D120),,,,,,,,,,,,,
Modus,=(A118-0.5)+15049.5*(5/(5+2)),,,,,,,,,,,,,
Nilai Maksimal,=MAX(D33:D56),,,,,,,,,,,,,
Nilai Minimal,=MIN(D33:D56),,,,,,,,,,,,,
Range,=B128-B129,,,,,,,,,,,,,
